ID_cattura;DATA;ALBA;sessione;occasione;ID_TRAPPOLA;chip;ricattura;pelo;peso (g);sex;eta;statoripr;NOTE;DOY
1;31/08/2014;T;I (settembre);1;11;1315302;N;NA;36;F;A;NR;;243
2;01/09/2014;A;I (settembre);2;6;NA;N;SI;35;F;A;NR;;244
3;01/09/2014;A  ;I (settembre);2;11;NA;N ;SI e;41;M;A;R;;244
4;01/09/2014;A;I (settembre);2;35;1314921;N;NA;39;F;A;IND;;244
5;01/09/2014;A;I (settembre);2;45;1314375;N;NA;33;M;G;NR;;244
6;01/09/2014;T;I (settembre);3;26;1314305;N;NA;45;M;A;R;;244
7;02/09/2014;A;I (settembre);4;66;1315302;R;NA;29;F;A;NR;;245
8;02/09/2014;A;I (settembre);4;45;1314375;R;NA;29;M;G;NR;;245
9;02/09/2014;A;I (settembre);4;57;NA;N;NA;43;M;A;NR;;245
10;02/09/2014;A;I (settembre);4;26;1314112;N;NA ;41;M;A;NR;;245
11;02/09/2014;T;I (settembre);5;29;1314305;R;NA;48;M;A;NR;;245
12;02/09/2014;T;I (settembre);5;62;1315302;R;NA;33;F;A;NR;;245
13;03/09/2014;A;I (settembre);6;2;1314305;R;NA;51;M;A;R;;246
14;03/09/2014;A;I (settembre);6;46;1314375;R;NA ;23;M;G;NR;;246
15;03/09/2014;A;I (settembre);6;51;1314921;R;NA;38;F;A;NR;;246
16;03/09/2014;A;I (settembre);6;53;NA;N;SI 6;13;IND;G;NR;;246
17;03/09/2014;A;I (settembre);6;63;1315302;R;NA ;30;F;A;NR;;246
18;03/09/2014;T;I (settembre);7;45;NA;NA;NA;NA;NA;NA;NA;;246
19;05/09/2014;A;I (settembre);10;10;NA;R;SI 8;31;F;A;NR;;248
20;05/09/2014;A;I (settembre);10;16;NA;NA;NA;18;M;G;NR;;248
21;05/09/2014;A;I (settembre);10;18;1313426;N;NA;19;F;G;NR;;248
22;05/09/2014;A;I (settembre);10;26;1314112;R;NA;32;M;A;NR;;248
23;05/09/2014;A;I (settembre);10;45;1314375;R;NA;21;M;G;NR;;248
24;05/09/2014;A;I (settembre);10;53;1314305;R;NA;44;M;A;NR;;248
25;05/09/2014;A;I (settembre);10;56;1314452;N;NA;41;M;A;NR;;248
26;05/09/2014;A;I (settembre);10;66;1315302;R;NA;30;F;A;NR;;248
27;05/09/2014;A;I (settembre);10;16;1313426;R;NA;17;F;G;NR;;248
28;06/09/2014;A;I (settembre);12;30;1314305;R;NA;40;M;A;R;;249
29;06/09/2014;A;I (settembre);12;33;1314112;R;NA;29;M;A;NR;;249
30;06/09/2014;A;I (settembre);12;40;1314912;N;NA;32;F;A;NR;;249
31;06/09/2014;A;I (settembre);12;45;NA;N;NA;27;M;A;NR;;249
32;06/09/2014;A;I (settembre);12;66;1315139;N;NA;43;M;A;NR;;249
33;06/09/2014;A;I (settembre);12;67;1315302;R;NA;30;F;A;NR;;249
34;06/09/2014;A;I (settembre);12;70;NA;N;NA;26;NA;NA;NA;;249
35;07/09/2014;A;I (settembre);14;31;1314112;R;NA;29;M;A;NR;;250
36;07/09/2014;A;I (settembre);14;51;1314305;R;NA;40;M;A;NR;;250
37;07/09/2014;A;I (settembre);14;52;NA;N;NA;27;F;A;NR;;250
38;07/09/2014;A;I (settembre);14;61;1314296;N;NA;33;F;A;NR;;250
1;14/07/2015;T;I (luglio);1;23;1313062;N;NA;43;M;A;R;;195
2;16/07/2015;A;I (luglio);4;55;NA;N;NA;40;F;A;R;;197
3;16/07/2015;A;I (luglio);4;19;1313062;R;NA;45;M;A;R;;197
4;17/07/2015;A;I (luglio);6;19;1313062;R;NA;44;M;A;R;;198
5;17/07/2015;A;I (luglio);6;23;NA;N;F;36;F;A;NR;;198
6;17/07/2015;A;I (luglio);6;12;1317018;N;E;43;F;A;R;;198
7;17/07/2015;T;I (luglio);7;66;1313062;R;NA;NA;M;A;R;;198
8;17/07/2015;T;I (luglio);7;61;NA;N;NA;NA;NA;A;NA;;198
9;18/07/2015;A;I (luglio);8;19;NA;N;D;18;NA;G;NR;;199
10;18/07/2015;A;I (luglio);8;67;1310363;N;C;40;F;A;R;;199
11;18/07/2015;A;I (luglio);8;43;1313039;N;NA;33;F;A;NR;;199
12;18/07/2015;A;I (luglio);8;32;NA;N;A/C;39;M;A;NR;;199
13;20/07/2015;A;I (luglio);12;2;NA;N;NA;36;NA;A;NA;;201
14;20/07/2015;A;I (luglio);12;10;1317018;R;E;34;F;A;R;;201
15;20/07/2015;A;I (luglio);12;12;1313062;R;NA;44;M;A;R;;201
16;20/07/2015;A;I (luglio);12;40;NA;N;E;16;NA;G;NR;;201
17;20/07/2015;A;I (luglio);12;39;NA;N;NA;14;NA;G;NR;;201
18;20/07/2015;A;I (luglio);12;33;1315296;N;NA;46;NA;A;NA;;201
19;21/07/2015;A;I (luglio);14;15;NA;N;A/C;46;M;A;R;;202
20;21/07/2015;A;I (luglio);14;13;NA;N;NA;18;NA;G;NR;;202
21;21/07/2015;A;I (luglio);14;45;NA;R;F;38;F;A;NR;;202
22;21/07/2015;A;I (luglio);14;42;NA;R;C;37;F;A;R;;202
23;21/07/2015;A;I (luglio);14;33;NA;N;A;22;NA;G;NR;;202
24;21/07/2015;A;I (luglio);14;29;NA;N;NA;17;NA;G;NR;;202
25;21/07/2015;T;I (luglio);15;13;NA;N;NA;NA;NA;G;NR;;202
26;21/07/2015;T;I (luglio);15;26;NA;N;NA;NA;NA;G;NR;;202
27;21/07/2015;T;I (luglio);15;34;NA;R;+;NA;NA;A;NA;;202
28;21/07/2015;T;I (luglio);15;42;1313062;R;NA;NA;M;A;R;;202
29;22/07/2015;A;I (luglio);16;16;1317018;R;E;31;F;A;R;;203
30;22/07/2015;A;I (luglio);16;42;NA;R;F;33;F;A;NR;;203
31;22/07/2015;A;I (luglio);16;34;NA;N;B;42;M;A;R;;203
32;22/07/2015;T;I (luglio);17;9;NA;N;NA;18;NA;G;NR;;203
33;22/07/2015;T;I (luglio);17;38;NA;N;C/D;45;NA;A;NR;;203
34;22/07/2015;T;I (luglio);17;31;NA;N;NA;19;NA;G;NR;;203
35;23/07/2015;A;I (luglio);18;7;NA;R;F;32;F;A;NR;;204
36;23/07/2015;A;I (luglio);18;16;1313062;R;NA;43;M;A;R;;204
37;23/07/2015;A;I (luglio);18;14;NA;N;NA;18;NA;G;NR;;204
38;23/07/2015;A;I (luglio);18;35;NA;N;NA;36;NA;A;NR;;204
39;23/07/2015;A;I (luglio);18;34;NA;R;B;41;M;A;R;;204
40;24/07/2015;A;I (luglio);20;55;1314120;N;B/D;37;M;A;NR;;205
41;24/07/2015;A;I (luglio);20;61;1313062;R;NA;38;M;A;R;;205
42;24/07/2015;A;I (luglio);20;64;NA;R;B;46;M;A;NR;;205
43;24/07/2015;A;I (luglio);20;26;NA;N;NA;18;NA;G;NR;;205
44;24/07/2015;A;I (luglio);20;30;1314691;R;F;36;F;A;NR;;205
45;24/07/2015;A;I (luglio);20;35;NA;N;NA;18;NA;G;NR;;205
46;24/07/2015;A;I (luglio);20;31;NA;N;NA;18;NA;G;NR;;205
47;27/08/2015;T;II (sett.);1;55;NA;R;B;38;M;A;R;;239
48;27/08/2015;T;II (sett.);1;65;NA;N;E/F;35;M;A;R;;239
49;27/08/2015;T;II (sett.);1;39;NA;N;A/B;35;F;A;NR;;239
50;27/08/2015;T;II (sett.);1;28;NA;N;A/E;35;M;A;NR;;239
51;27/08/2015;T;II (sett.);1;29;NA;N;A;39;NA;A;NA;;239
52;28/08/2015;A;II (sett.);2;11;1313807;N;NA;35;F;A;R;;240
53;28/08/2015;A;II (sett.);2;13;1314797;N;NA;25;M;G;NR;;240
54;28/08/2015;A;II (sett.);2;55;1315304;R;B;34;M;A;R;;240
55;28/08/2015;A;II (sett.);2;16;NA;N;NA;18;NA;G;NR;;240
56;28/08/2015;A;II (sett.);2;57;1314440;N;NA;37;M;A;R;;240
57;28/08/2015;A;II (sett.);2;46;1314106;N;NA;33;M;A;R;;240
58;28/08/2015;A;II (sett.);2;44;1316717;N;NA;31;M;A;R;;240
59;28/08/2015;A;II (sett.);2;39;1314691;R;F;38;F;A;NR;;240
60;28/08/2015;A;II (sett.);2;32;NA;NA;NA;NA;M;A;R;;240
61;28/08/2015;T;II (sett.);3;12;1314797;R;NA;26;M;G;NR;;240
62;28/08/2015;T;II (sett.);3;58;NA;N;NA;21;NA;G;NR;;240
63;28/08/2015;T;II (sett.);3;29;1314691;R;F;35;F;A;NR;;240
64;28/08/2015;T;II (sett.);3;31;1312250;R;A/E;30;M;A;NR;;240
65;28/08/2015;T;II (sett.);3;37;1314269;N;NA;37;M;A;NR;;240
66;29/08/2015;A;II (sett.);4;3;1314106;R;NA;32;M;A;R;;241
67;29/08/2015;A;II (sett.);4;16;1313807;R;NA;29;F;A;R;;241
68;29/08/2015;A;II (sett.);4;74;1313979;N;NA;40;M;A;R;;241
69;29/08/2015;A;II (sett.);4;71;NA;N;NA;18;NA;G;NR;;241
70;29/08/2015;A;II (sett.);4;43;1312387;N;NA;26;F;A;NR;;241
71;29/08/2015;A;II (sett.);4;35;1312250;R;A/E;27;M;A;NR;;241
72;29/08/2015;T;II (sett.);5;12;1314797;R;NA;25;M;G;NR;;241
73;29/08/2015;T;II (sett.);5;19;1314106;R;NA;35;M;A;R;;241
74;29/08/2015;T;II (sett.);5;73;NA;N;NA;22;NA;G;NR;;241
75;29/08/2015;T;II (sett.);5;40;1315457;R;A/B;28;F;A;NR;;241
76;29/08/2015;T;II (sett.);5;35;1312250;R;A/E;30;M;A;R;;241
77;30/08/2015;A;II (sett.);6;57;1315304;R;B;35;M;A;R;;242
78;30/08/2015;A;II (sett.);6;70;NA;N;NA;19;M;G;NR;;242
79;30/08/2015;A;II (sett.);6;19;1313807;R;NA;29;F;A;R;;242
80;30/08/2015;A;II (sett.);6;65;1314106;R;NA;NA;M;A;R;;242
81;30/08/2015;A;II (sett.);6;64;1315457;R;A/B;21;F;A;NR;;242
82;30/08/2015;A;II (sett.);6;74;1313979;R;NA;38;M;A;R;;242
83;30/08/2015;A;II (sett.);6;67;1313222;N;NA;25;M;A;NR;;242
84;30/08/2015;A;II (sett.);6;28;1312250;R;A/E;28;M;A;NR;;242
85;30/08/2015;A;II (sett.);6;35;1314691;R;F;38;F;A;NR;;242
86;30/08/2015;A;II (sett.);6;34;1315467;N;NA;30;F;A;NR;;242
87;30/08/2015;T;II (sett.);7;9;1313807;R;NA;31;F;A;R;;242
88;30/08/2015;T;II (sett.);7;14;1314797;R;NA;23;M;G;NR;;242
89;30/08/2015;T;II (sett.);7;70;NA;N;NA;20;NA;G;NR;;242
90;30/08/2015;T;II (sett.);7;35;1312250;R;A/E;35;M;A;NR;;242
91;31/08/2015;A;II (sett.);8;37;1312250;R;A/E;38;M;A;NR;;243
92;31/08/2015;A;II (sett.);8;35;1315467;R;NA;28;F;A;NR;;243
93;31/08/2015;A;II (sett.);8;14;1314797;R;NA;24;M;G;NR;;243
94;31/08/2015;A;II (sett.);8;55;1315304;R;B;NA;M;A;R;;243
95;31/08/2015;A;II (sett.);8;60;1315457;R;A/B;27;F;A;NR;;243
96;31/08/2015;A;II (sett.);8;64;1313979;R;NA;38;M;A;R;;243
97;31/08/2015;A;II (sett.);8;68;NA;N;NA;21;NA;G;NR;;243
98;31/08/2015;A;II (sett.);8;74;NA;N;NA;18;NA;G;NR;;243
99;31/08/2015;T;II (sett.);9;55;1315304;R;B;37;M;A;R;;243
100;31/08/2015;T;II (sett.);9;19;1314797;R;NA;23;M;G;NR;;243
101;31/08/2015;T;II (sett.);9;56;NA;N;NA;20;NA;G;NR;;243
102;31/08/2015;T;II (sett.);9;72;NA;N;NA;19;NA;G;NR;;243
103;31/08/2015;T;II (sett.);9;65;1313979;R;NA;NA;M;A;R;;243
104;31/08/2015;T;II (sett.);9;49;NA;N;NA;NA;NA;G;NA;;243
105;31/08/2015;T;II (sett.);9;31;1312250;R;A/E;26;M;A;NR;;243
106;31/08/2015;T;II (sett.);9;15;NA;N;NA;NA;NA;G;NR;;243
107;31/08/2015;T;II (sett.);9;64;1315457;R;A/B;NA;F;A;NR;;243
108;03/09/2015;A;II (sett.);14;8;1313807;R;NA;25;F;A;R;;246
109;03/09/2015;A;II (sett.);14;11;1314797;R;NA;27;M;G;NR;;246
110;03/09/2015;A;II (sett.);14;14;NA;N;NA;20;F;G;NR;;246
111;03/09/2015;A;II (sett.);14;72;NA;N;NA;22;M;G;NR;;246
112;03/09/2015;A;II (sett.);14;69;1314269;R;NA;36;M;A;NR;;246
113;03/09/2015;A;II (sett.);14;60;NA;N;NA;NA;NA;G;NR;;246
114;03/09/2015;A;II (sett.);14;33;1315467;R;NA;27;F;A;NR;;246
115;03/09/2015;A;II (sett.);14;35;1312250;R;A/E;28;M;A;NR;;246
116;03/09/2015;A;II (sett.);14;46;1313807;R;NA;25;F;A;R;;246
117;03/09/2015;A;II (sett.);14;19;1314797;R;NA;27;M;G;NR;;246
118;03/09/2015;A;II (sett.);14;3;NA;N;NA;18;NA;G;NR;;246
119;04/09/2015;T;II (sett.);17;3;NA;N;NA;17;NA;G;NR;;247
120;04/09/2015;T;II (sett.);17;14;1314797;R;NA;27;M;G;NR;;247
121;04/09/2015;T;II (sett.);17;18;1313807;R;NA;29;F;A;R;;247
122;04/09/2015;T;II (sett.);17;43;1314269;R;NA;37;M;A;NR;;247
123;05/09/2015;T;II (sett.);19;15;NA;N;NA;23;NA;G;NR;;248
124;05/09/2015;T;II (sett.);19;42;NA;N;NA;18;NA;G;NR;;248
125;05/09/2015;T;II (sett.);19;43;1314269;R;NA;38;M;A;NR;;248
126;06/09/2015;T;II (sett.);21;14;1314797;R;NA;25;M;G;NR;;249
127;06/09/2015;T;II (sett.);21;18;NA;N;NA;29;M;A;NR;;249
128;06/09/2015;T;II (sett.);21;23;NA;N;NA;19;NA;G;NR;;249
129;06/09/2015;T;II (sett.);21;35;1312250;R;A/E;29;M;A;NR;;249
130;06/09/2015;T;II (sett.);21;34;1315467;R;NA;25;F;A;NR;;249
131;07/09/2015;T;II (sett.);23;23;NA;N;NA;19;NA;G;NR;;250
132;07/09/2015;T;II (sett.);23;9;NA;N;NA;30;NA;A;NA;;250
133;07/09/2015;T;II (sett.);23;12;1314797;R;NA;27;M;G;NR;;250
1;22/07/2016;A;I (luglio);2;28;NA;N;A (dec);37;M;A;NA;;204
2;22/07/2016;A;I (luglio);2;12;NA;NA;NA;NA;NA;NA;NA;;204
3;22/07/2016;A;I (luglio);2;24;NA;NA;NA;NA;NA;NA;NA;;204
4;25/07/2016;A;I (luglio);8;16;NA;N;Eb/Fg;42;M;A;R;;207
5;25/07/2106;A;I (luglio);8;33;1315467;R;g;35;F;A;NR;;206
6;25/07/2016;T;I (luglio);9;16;1315467;R;NA;NA;F;A;NR;;207
7;26/07/2016;A;I (luglio);10;43;NA;N;Dg;45;M;A;NR;;208
8;26/07/2016;A;I (luglio);10;33;NA;N;Cg/Ep;38;M;A;NR;;208
9;26/07/2016;T;I (luglio);11;32;1315467;R;NA;NA;F;A;NR;;208
10;27/07/2016;A;I (luglio);12;15;NA;N;NA;33;F;NA;NA;;209
11;27/07/2016;A;I (luglio);12;28;NA;N;NA;38;M;NA;NA;;209
12;27/07/2016;A;I (luglio);12;32;1315467;R;NA;NA;F;A;NR;;209
13;27/07/2016;A;I (luglio);12;37;NA;N;NA;44;M;A;R;;209
14;27/07/2016;T;I (luglio);13;2;NA;N;NA;42;F;A;NR;;209
15;27/07/2016;T;I (luglio);13;43;NA;N;NA;46;M;A;NR;;209
16;28/07/2016;A;I (luglio);14;43;NA;N;NA;41;F;NA;NA;;210
17;28/07/2016;A;I (luglio);14;13;NA;N;NA;46;M;A;NA;;210
18;28/07/2016;A;I (luglio);14;15;NA;N;NA;32;F;NA;NA;;210
19;28/07/2016;A;I (luglio);14;30;1315467;R;NA;NA;F;A;NR;;210
20;28/07/2016;A;I (luglio);14;37;Ermellino;;;;;;;;210
21;28/07/2016;T;I (luglio);15;13;NA;N;NA;36;F;A;NA;*era senza pelo vicino alla coda;210
22;29/07/2016;A;I (luglio);16;32;1315467;R;NA;NA;F;A;NR;;211
23;29/07/2016;A;I (luglio);16;23;NA;N;NA;40;F;NA;NA;;211
24;29/07/2016;A;I (luglio);16;2;NA;N;NA;43;M;NA;NA;;211
25;29/07/2016;T;I (luglio);17;43;NA;N;NA;46;M;A;NA;;211
26;28/08/2016;A;II (sett.);1;2;NA;N;A/C g;21;NA;G;NR;;241
27;28/08/2016;A;II (sett.);1;4;NA;N;Bg;31;M;A;NR;;241
28;28/08/2016;A;II (sett.);1;17;NA;N;NA;NA;NA;A;NA;in fin di vita;241
29;28/08/2016;A;II (sett.);1;26;NA;N;A/B g;24;NA;G;NR;;241
30;28/08/2016;T;II (sett.);2;12;NA;N;A(dec)/Eg;35;M;A;NR;;241
31;28/08/2016;T;II (sett.);2;3;NA;R;Bg;38;M;A;NR;;241
32;29/08/2016;A;II (sett.);3;2;NA;N;E/F/centro g;23;NA;G;NR;;242
33;29/08/2016;A;II (sett.);3;10;NA;N;Eg/Fg;31;M;A;NR;;242
34;29/08/2016;A;II (sett.);3;46;NA;R;Bg;35;M;A;NR;;242
35;29/08/2016;A;II (sett.);3;26;1314988;N;NA;40;M;A;NR;;242
36;29/08/2016;A;II (sett.);3;39;NA;N;Bb;22;F;G;NR;;242
37;29/08/2016;A;II (sett.);3;38;NA;N;C/Dg;41;M;A;R;;242
38;29/08/2016;A;II (sett.);3;35;NA;N;B/Eb;22;F;G;NR;;242
39;29/08/2016;A;II (sett.);3;34;1315467;R;NA;30;F;A;NR;deceduta;242
40;29/08/2016;T;II (sett.);4;16;NA;N;NA;33;M;A;NR;;242
41;29/08/2016;T;II (sett.);4;46;NA;R;Bg;36;M;A;NR;;242
42;29/08/2016;T;II (sett.);4;43;NA;R;C/Dg;41;M;A;R;;242
43;29/08/2016;T;II (sett.);4;23;NA;R;E/F/centro g;23;NA;G;NR;;242
44;01/09/2016;A;II (sett.);9;31;NA;N;D/Fg;20;NA;G;NR;;245
45;01/09/2016;A;II (sett.);9;32;1314988;R;NA;40;M;A;NR;;245
46;01/09/2016;A;II (sett.);9;2;NA;N;C/Eb;20;NA;G;NR;;245
47;01/09/2016;A;II (sett.);9;43;NA;N;NA;NA;NA;G;NR;;245
48;01/09/2016;A;II (sett.);9;41;NA;NA;NA;NA;NA;A;NA;scappato;245
49;01/09/2016;A;II (sett.);9;40;NA;R;buchi in A/B;24;NA;A;NA;;245
50;01/09/2016;A;II (sett.);9;42;1315647;N;NA;34;F;A;NR;;245
51;01/09/2016;A;II (sett.);9;57;NA;R;C/Dg;35;M;A;NR;buchi pelo e orecchio tagliato;245
52;01/09/2016;T;II (sett.);10;57;NA;N;D/Eb;28;F;A;NR;;245
53;01/09/2016;T;II (sett.);10;60;NA;N;Cb/Eg;26;NA;G;NR;;245
54;01/09/2016;T;II (sett.);10;16;NA;R;C/Dg;35;M;A;NR;;245
55;01/09/2016;T;II (sett.);10;5;NA;R;Bg;38;M;A;NR;no pelo in B;245
56;01/09/2016;T;II (sett.);10;3;NA;R;C/Eb;24;NA;G;NR;;245
57;01/09/2016;T;II (sett.);10;28;NA;R;D/Fg;24;NA;G;NR;;245
58;01/09/2016;T;II (sett.);10;31;NA;N;NA;26;F;G;NR;;245
59;02/09/2016;A;II (sett.);11;56;NA;R;C/Dg;32;M;A;NR;orecchio;246
60;02/09/2016;A;II (sett.);11;11;NA;N;Eg/Fb;25;F;G;NR;;246
61;02/09/2016;A;II (sett.);11;9;NA;N;Bg/Cb/Eb;23;F;G;NR;;246
62;02/09/2016;A;II (sett.);11;8;NA;N;A/Cg Bb;23;NA;G;NR;;246
63;02/09/2016;A;II (sett.);11;43;NA;R;buchi in A/B;NA;M;A;NR;morto;246
64;02/09/2016;A;II (sett.);11;28;NA;N;A/Eg/ Cb;25;NA;G;NR;;246
65;02/09/2016;A;II (sett.);11;30;1314988;R;NA;37;M;A;NR;ricatturato dopo 5 min nella trp. 32 per 2 voltr;246
66;02/09/2016;A;II (sett.);11;31;NA;R;Bb;24;NA;G;NR;;246
67;02/09/2016;A;II (sett.);11;33;NA;N;Eg;21;M;G;NR;;246
68;02/09/2016;A;II (sett.);11;44;NA;R;Bg;35;M;A;NR;;246
69;02/09/2016;T;II (sett.);12;60;NA;R;C/Dg;35;M;A;NR;orecchio;246
70;02/09/2016;T;II (sett.);12;32;NA;N;B/Fb /Dg;25;F;G;NR;;246
71;03/09/2016;A;II (sett.);13;31;1314988;R;NA;37;M;A;NR;ricatturato dopo 10 min nella trap. 30;247
72;03/09/2016;A;II (sett.);13;56;NA;N;A/Eg B/Fb;27;F;A;NR;;247
73;03/09/2016;A;II (sett.);13;19;NA;R;C/Dg;31;M;A;NR;orecchio;247
74;03/09/2016;A;II (sett.);13;42;NA;R;buchi in B/D;28;M;A;NR;buchi in B/D, guance, sopra coda;247
75;03/09/2016;A;II (sett.);13;35;NA;N;NA;23;NA;G;NR;;247
76;03/09/2016;T;II (sett.);14;60;NA;R;C/Dg;32;M;A;NR;orecchio;247
77;03/09/2016;T;II (sett.);14;44;NA;R;buchi in B/D;34;M;A;NR;buchi in B/D, guance, sopra coda;247
78;03/09/2016;T;II (sett.);14;39;NA;R;D/Fg;22;M;G;NR;;247
79;03/09/2016;T;II (sett.);14;32;NA;R;ID 50;24;IND;G;NR;;247
80;04/09/2016;A;II (sett.);15;32;1314988;R;NA;NA;M;A;NR;morto;248
81;04/09/2016;A;II (sett.);15;29;NA;R;ID50;20;IND;G;NR;;248
82;04/09/2016;A;II (sett.);15;2;NA;N;NA;32;IND;G;NR;;248
83;04/09/2016;A;II (sett.);15;50;NA;R;C/Dg;25;M;A;NR;;248
84;04/09/2016;A;II (sett.);15;15;NA;R;C/Dg;30;M;A;NR;;248
85;04/09/2016;A;II (sett.);15;11;NA;N;NA;21;IND;G;NR;;248
86;04/09/2016;A;II (sett.);15;47;NA;N;B/centro sedere;22;IND;G;NR;;248
87;04/09/2016;T;II (sett.);16;2;NA;N;NA;24;IND;G;NR;;248
88;04/09/2016;T;II (sett.);16;3;NA;N;NA;24;IND;G;NR;;248
89;04/09/2016;T;II (sett.);16;47;NA;R;C/Dg;29;M;A;NR;;248
90;04/09/2016;T;II (sett.);16;32;NA;R;ID 50;24;IND;G;NR;;248
91;05/09/2016;A;II (sett.);17;2;NA;N;NA;24;IND;G;NR;;249
92;05/09/2016;A;II (sett.);17;14;NA;N;NA;23;IND;G;NR;;249
93;05/09/2016;A;II (sett.);17;13;NA;R;C/Dg;29;M;A;NR;ricatturato dopo 5 min in ID 48;249
94;05/09/2016;A;II (sett.);17;11;NA;N;NA;21;M;G;NR;;249
95;05/09/2016;A;II (sett.);17;21;NA;R;NA;30;M;A;NR;;249
96;05/09/2016;A;II (sett.);17;44;NA;R;Bg;20;IND;G;NR;;249
97;05/09/2016;A;II (sett.);17;3;NA;N;NA;20;IND;G;NR;;249
98;05/09/2016;A;II (sett.);17;30;NA;R;ID 50;22;M;G;NR;;249
99;05/09/2016;A;II (sett.);17;32;1313472;N;NA;25;F;A;NR;;249
100;05/09/2016;A;II (sett.);17;37;NA;R;D/Fg;22;M;G;NR;buco in F;249
101;05/09/2016;T;II (sett.);18;37;NA;R;D/Fg;25;M;G;NR;buco in F;249
102;05/09/2016;T;II (sett.);18;47;NA;N;NA;23;IND;G;NR;;249
1;21/08/2017;A;I (agosto);1;4;NA;N;Ag;34;M;A;R;;233
2;21/08/2017;T;I (agosto);2;43;NA;R;E/F buchi;34;M;A;NR;;233
3;22/08/2017;A;I (agosto);3;30;NA;N;Eg;12;IND;G;NR;;234
4;22/08/2017;A;I (agosto);3;41;NA;R;E/F buchi;NA;NA;NA;NA;morto;234
5;22/08/2017;T;I (agosto);4;33;NA;R;Eg;12;IND;G;NR;;234
6;22/08/2017;T;I (agosto);4;35;NA;N;B/Fg;13;M;G;NR;;234
7;23/08/2017;A;I (agosto);5;47;NA;N;C/Dg;30;M;A;NR;;235
8;23/08/2017;T;I (agosto);6;29;NA;R;B/Fg;12;M;G;NR;;235
9;24/08/2017;T;I (agosto);8;23;NA;NA;NA;NA;NA;NA;NA;;236
10;24/08/2017;T;I (agosto);8;43;NA;R;C/Dg;21;M;A;NR;;236
11;25/08/2017;T;I (agosto);10;23;NA;N;centrog;42;M;A;NR;;237
12;25/08/2017;T;I (agosto);10;4;NA;R;centrog;34;M;A;NR;;237
13;26/08/2017;A;I (agosto);11;5;NA;R;centrog;43;M;A;NR;;238
14;26/08/2017;A;I (agosto);11;34;NA;N;Cb;32;M;A;NR;;238
15;26/08/2017;A;I (agosto);11;37;NA;R;B/Fg;16;M;G;NR;;238
16;26/08/2017;A;I (agosto);11;39;NA;R;C/Dg;30;M;A;NR;;238
17;26/08/2017;A;I (agosto);11;40;NA;R;Eb;25;M;A;NR;;238
18;26/08/2017;A;I (agosto);11;46;NA;N;A/Db;43;M;A;R;;238
19;26/08/2017;A;I (agosto);11;16;NA;N;A/Bb;25;F;G;NR;;238
20;26/08/2017;A;I (agosto);11;15;NA;N;Fg;28;M;A;NR;;238
21;26/08/2017;A;I (agosto);11;29;NA;N;A/C/Eb;15;M;G;NR;;238
22;26/08/2017;A;I (agosto);11;28;NA;N;crentrob;15;F;G;NR;;238
23;26/08/2017;T;I (agosto);12;32;NA;N;centro basso g;15;F;G;NR;;238
24;26/08/2017;T;I (agosto);12;14;NA;R;Fg;28;M;A;NR;;238
25;26/08/2017;T;I (agosto);12;17;NA;R;A/Bb;23;F;G;NR;;238
26;26/08/2017;T;I (agosto);12;40;NA;R;strisce A/C/E B/D/F;28;F;A;NR;;238
27;27/08/2017;A;I (agosto);13;32;NA;N;centro alto/basso b;15;F;G;NR;;239
28;27/08/2017;A;I (agosto);13;11;NA;R?;D/Fb;27;M;A;NR;;239
29;27/08/2017;A;I (agosto);13;14;NA;R?;buco centro e naso;30;M;A;NR;;239
30;27/08/2017;A;I (agosto);13;23;NA;R;centrog;35;M;A;NR;;239
31;27/08/2017;T;I (agosto);14;31;NA;R;centro basso g;15;F;G;NR;;239
32;27/08/2017;T;I (agosto);14;11;NA;R;buco C (eD);28;M;A;NR;;239
33;27/08/2017;T;I (agosto);14;42;NA;R;C/D g;22;M;A;NR;;239
34;28/08/2017;A;I (agosto);15;47;NA;R;C/D g;24;M;A;NR;;240
35;28/08/2017;A;I (agosto);15;31;NA;N;B/centro b;25;M;A;NR;;240
36;28/08/2017;A;I (agosto);15;42;NA;R;strisce A/C/E B/D/F;29;F;A;NR;;240
37;28/08/2017;A;I (agosto);15;31;NA;R;centro basso g;16;F;G;NR;;240
38;28/08/2017;A;I (agosto);15;32;NA;N;C/Eg;16;M;G;NR;;240
39;28/08/2017;A;I (agosto);15;39;NA;R;strisce A/C/E B/D/F;29;F;A;NR;;240
40;28/08/2017;A;I (agosto);15;14;NA;N;A/B/centro b;31;M;A;NR;;240
41;28/08/2017;T;I (agosto);16;42;NA;R;C/Dg;24;M;A;NR;;240
42;28/08/2017;T;I (agosto);16;43;NA;R;centrog;35;M;A;NR;;240
43;28/08/2017;T;I (agosto);16;13;NA;R;A/B/centro b;29;M;A;NR;;240
44;28/08/2017;T;I (agosto);16;35;NA;R?;A buchi;17;F;G;NR;;240
45;28/08/2017;T;I (agosto);16;34;NA;R;centro basso g;16;F;G;NR;;240
46;28/08/2017;T;I (agosto);16;32;NA;R;C/Eg;16;M;G;NR;;240
47;29/08/2017;A;I (agosto);17;41;NA;R;strisce A/C/E B/D/F;26;F;A;NR;;241
48;29/08/2017;A;I (agosto);17;43;NA;R;centro buco;32;M;A;NR;;241
49;29/08/2017;A;I (agosto);17;44;NA;R;C/Dg;22;M;A;NR;;241
50;29/08/2017;A;I (agosto);17;18;NA;R;A/B/centro b;28;M;A;NR;;241
51;29/08/2017;A;I (agosto);17;48;NA;N;NA;23;F;A;NR;;241
52;29/08/2017;A;I (agosto);17;15;NA;R;centro basso buco;NA;M;A;R;morto nel pomeriggio;241
53;29/08/2017;A;I (agosto);17;12;NA;R;A/B/centro b;NA;M;A;NR;ripreso dopo 5 min;241
54;29/08/2017;A;I (agosto);17;25;NA;R?;A/F buchi;15;M;G;NR;;241
55;29/08/2017;A;I (agosto);17;34;NA;R;C/Eg;15;M;G;NR;;241
56;29/08/2017;A;I (agosto);17;32;NA;R;B/centro b;28;M;A;NR;;241
57;29/08/2017;A;I (agosto);17;30;NA;R;centro basso g;14;F;G;NR;;241
58;29/08/2017;A;I (agosto);17;23;NA;R;centro buco;35;M;A;NR;;241
59;29/08/2017;A;I (agosto);17;41;NA;R;C/Dg;25;M;A;NR;;241
1;21/07/2018;T;I (luglio);1;39;NA;N;F;33;F;A;NR;;202
2;21/07/2018;T;I (luglio);1;37;NA;N;E;40;M;A;R;;202
3;22/07/2018;A;I (luglio);2;11;NA;N;D;40;F;A;NR;;203
4;22/07/2018;A;I (luglio);2;13;NA;N;C;49;M;A;R;;203
5;22/07/2018;A;I (luglio);2;23;NA;N;A;31;M;G;R;;203
6;22/07/2018;A;I (luglio);2;33;NA;N;NA;26;M;G;NR;morto;203
7;22/07/2018;T;I (luglio);3;5;NA;N;D;29;M;G;NR;;203
8;23/07/2018;A;I (luglio);4;39;NA;R;D;30;M;G;NR;;204
9;23/07/2018;A;I (luglio);4;20;NA;N;F;42;F;A;NR;;204
10;23/07/2018;A;I (luglio);4;19;NA;N;B;38;M;A;R;;204
11;23/07/2018;A;I (luglio);4;12;NA;N;E-F;41;M;A;R;;204
12;23/07/2018;T;I (luglio);5;19;NA;N;C-D;40;M;A;NR;;204
13;23/07/2018;T;I (luglio);5;2;NA;R;F;33;F;A;NR;;204
14;24/07/2018;A;I (luglio);6;38;NA;N;NA;34;M;A;NR;morto;205
15;24/07/2018;A;I (luglio);6;39;NA;N;A;40;F;A;NR;;205
16;24/07/2018;T;I (luglio);7;20;NA;N;E-F;41;M;A;R;;205
17;25/07/2018;A;I (luglio);8;19;NA;R;A-B;44;M;A;R;;206
18;25/07/2018;A;I (luglio);8;12;NA;N;NA;41;M;A;NR;morto;206
19;25/07/2018;A;I (luglio);8;42;NA;N;D;34;F;A;NR;;206
20;25/07/2018;A;I (luglio);8;3;NA;R;E-F/A;42;M;A;R;;206
21;25/07/2018;T;I (luglio);9;20;NA;N;E-F;36;F;A;R;;206
22;25/07/2018;T;I (luglio);9;42;NA;N;SENZA OCCHIO SIN;45;F;A;NR;;206
23;26/07/2018;A;I (luglio);10;43;NA;R;SENZA OCCHIO SIN;38;F;A;NR;;207
24;27/07/2018;A;I (luglio);10;20;NA;R;SENZA OCCHIO SIN;39;F;A;NR;;208
25;27/07/2018;A;I (luglio);10;17;NA;R;E-F;38;M;A;R;morto;208
26;28/07/2018;T;I (luglio);11;19;NA;R;E-F;31;F;A;R;;209
27;29/07/2018;T;I (luglio);11;33;NA;N;NA;20;IND;G;NR;;210
28;29/07/2018;T;I (luglio);11;42;NA;R;D;35;F;A;NR;;210
29;29/07/2018;T;I (luglio);11;8;NA;R;E-F;31;F;A;R;;210
30;26/08/2018;T;II (sett.);1;11;NA;N;SENZA OCCHIO SIN;41;F;A;NR;;238
31;26/08/2018;T;II (sett.);1;9;NA;N;E-F;33;F;A;R;;238
32;27/08/2018;A;II (sett.);2;30;NA;N;NA;25;M;G;NR;;239
33;27/08/2018;A;II (sett.);2;40;NA;N;NA;29;M;G;NR;;239
34;27/08/2018;A;II (sett.);2;27;NA;N;A;41;M;A;NR;;239
35;27/08/2018;A;II (sett.);2;45;NA;N;A piccolo;37;F;A;R;;239
36;27/08/2018;T;II (sett.);3;35;NA;N;NA;29;F;G;NR;;239
37;27/08/2018;T;II (sett.);3;9;NA;R;E-F;33;F;A;R;;239
38;28/08/2018;A;II (sett.);4;20;NA;R;A piccolo;35;F;A;R;;240
39;28/08/2018;A;II (sett.);4;28;NA;N;NA;28;M;G;NR;;240
40;28/08/2018;A;II (sett.);4;9;NA;R;E-F;32;F;A;R;;240
41;28/08/2018;T;II (sett.);5;33;NA;N;NA;31;M;G;NR;;240
42;28/08/2018;T;II (sett.);5;43;NA;R;A piccolo;36;F;A;R;;240
43;29/08/2018;A;II (sett.);6;33;NA;N;NA;29;F;G;NR;;241
44;29/08/2018;A;II (sett.);6;2;NA;N;NA;28;F;G;NR;;241
45;29/08/2018;A;II (sett.);6;9;NA;R;E-F;31;F;A;R;;241
46;29/08/2018;A;II (sett.);6;43;NA;R;A;38;M;A;NR;;241
47;29/08/2018;A;II (sett.);6;36;NA;N;NA;25;F;G;NR;;241
48;29/08/2018;T;II (sett.);7;31;NA;N;B;36;F;A;R;;241
49;29/08/2018;T;II (sett.);7;36;NA;NA;NA;NA;IND;NA;NA;morto;241
50;30/08/2018;T;II (sett.);7;43;NA;N;C;35;F;A;NR;;242
51;30/08/2018;T;II (sett.);7;8;NA;R;E-F;29;F;A;R;;242
52;30/08/2018;T;II (sett.);7;2;NA;N;NA;25;M;G;NR;;242
53;30/08/2018;T;II (sett.);7;3;NA;N;NA;18;M;G;NR;;242
54;31/08/2018;A;II (sett.);8;33;NA;N;NA;25;F;G;NR;;243
55;31/08/2018;A;II (sett.);8;37;NA;NA;NA;NA;M;A;R;morto per ermellino;243
56;31/08/2018;A;II (sett.);8;24;NA;N;NA;28;F;G;NR;;243
57;31/08/2018;A;II (sett.);8;45;NA;N;A-B;42;M;A;R;;243
58;31/08/2018;A;II (sett.);8;42;NA;N;NA;31;F;A;NR;morto;243
59;02/09/2018;T;II (sett.);9;24;NA;NA;NA;NA;IND;NA;NA;morto per ermellino;245
1;26/07/2019;A;I (luglio);2;5;;N;NA;30;M;A;NR;;207
2;29/07/2019;A;I (luglio);8;29;;N;NA;39;F;A;NR;;210
3;27/08/2019;A;II (agosto);4;20;;N;NA;27;F;NA;NR;;239
